INSERT INTO COURSE_TABLE(COURSE_ID,COURSE_NAME,LAST_UPDATED_DATE,CREATED_DATE) VALUES (10001,'SPRING DATA JPA',sysdate(),sysdate());
INSERT INTO COURSE_TABLE(COURSE_ID,COURSE_NAME,LAST_UPDATED_DATE,CREATED_DATE) VALUES (10003,'SPRING BOOT',sysdate(),sysdate());
INSERT INTO COURSE_TABLE(COURSE_ID,COURSE_NAME,LAST_UPDATED_DATE,CREATED_DATE) VALUES (10004,'SPRING CORE',sysdate(),sysdate());
INSERT INTO COURSE_TABLE(COURSE_ID,COURSE_NAME,LAST_UPDATED_DATE,CREATED_DATE) VALUES (10005,'SPRING SECURITY',sysdate(),sysdate());
INSERT INTO COURSE_TABLE(COURSE_ID,COURSE_NAME,LAST_UPDATED_DATE,CREATED_DATE) VALUES (10006,'SPRING MVC',sysdate(),sysdate());

INSERT INTO PASSPORT_TABLE(PASSPORT_ID,PASSPORT_NO) VALUES (40001,'AXBPC9740K');
INSERT INTO PASSPORT_TABLE(PASSPORT_ID,PASSPORT_NO) VALUES (40002,'AXBPC9740L');
INSERT INTO PASSPORT_TABLE(PASSPORT_ID,PASSPORT_NO) VALUES (40003,'AXBPC9740M');
INSERT INTO PASSPORT_TABLE(PASSPORT_ID,PASSPORT_NO) VALUES (40004,'AXBPC9740N');
INSERT INTO PASSPORT_TABLE(PASSPORT_ID,PASSPORT_NO) VALUES (40005,'AXBPC9740O');
INSERT INTO PASSPORT_TABLE(PASSPORT_ID,PASSPORT_NO) VALUES (40006,'AXBPC9740P');
INSERT INTO PASSPORT_TABLE(PASSPORT_ID,PASSPORT_NO) VALUES (40007,'AXBPC9740Q');
INSERT INTO PASSPORT_TABLE(PASSPORT_ID,PASSPORT_NO) VALUES (40008,'AXBPC9740R');
INSERT INTO PASSPORT_TABLE(PASSPORT_ID,PASSPORT_NO) VALUES (40009,'AXBPC9740S');

INSERT INTO STUDENT_TABLE(STUDENT_ID,STUDENT_NAME,PASSPORT_ID,IS_DELETED) VALUES (100092,'Joydeep Chowdhury',40001,false);
INSERT INTO STUDENT_TABLE(STUDENT_ID,STUDENT_NAME,PASSPORT_ID,IS_DELETED) VALUES (100093,'Arunabha Gupta',40002,false);
INSERT INTO STUDENT_TABLE(STUDENT_ID,STUDENT_NAME,PASSPORT_ID,IS_DELETED) VALUES (100094,'Ankit Bhattacharjee',40003,false);
INSERT INTO STUDENT_TABLE(STUDENT_ID,STUDENT_NAME,PASSPORT_ID,IS_DELETED) VALUES (100095,'Kaustav Chatterjee',40004,false);
INSERT INTO STUDENT_TABLE(STUDENT_ID,STUDENT_NAME,PASSPORT_ID,IS_DELETED) VALUES (100096,'Preshika Bhutani',40005,false);
INSERT INTO STUDENT_TABLE(STUDENT_ID,STUDENT_NAME,PASSPORT_ID,IS_DELETED) VALUES (100097,'Shibo Mukherjee',40006,false);
INSERT INTO STUDENT_TABLE(STUDENT_ID,STUDENT_NAME,PASSPORT_ID,IS_DELETED) VALUES (100098,'Samir Kumar',40007,false);
INSERT INTO STUDENT_TABLE(STUDENT_ID,STUDENT_NAME,PASSPORT_ID,IS_DELETED) VALUES (100099,'Sachin Kumar',40008,false);
INSERT INTO STUDENT_TABLE(STUDENT_ID,STUDENT_NAME,PASSPORT_ID,IS_DELETED) VALUES (100100,'Sushant Dubey',40009,false);

INSERT INTO REVIEW_TABLE(REVIEW_ID,REVIEW_RATING,REVIEW_DESCRIPTION,COURSE_ID) VALUES (60001,5,'Wonderful',10003);
INSERT INTO REVIEW_TABLE(REVIEW_ID,REVIEW_RATING,REVIEW_DESCRIPTION,COURSE_ID) VALUES (60002,4,'Awesome',10001);
INSERT INTO REVIEW_TABLE(REVIEW_ID,REVIEW_RATING,REVIEW_DESCRIPTION,COURSE_ID) VALUES (60003,5,'Great',10003);
INSERT INTO REVIEW_TABLE(REVIEW_ID,REVIEW_RATING,REVIEW_DESCRIPTION,COURSE_ID) VALUES (60004,4,'Outstanding',10001);
INSERT INTO REVIEW_TABLE(REVIEW_ID,REVIEW_RATING,REVIEW_DESCRIPTION,COURSE_ID) VALUES (60005,4,'Very nice',10001);
INSERT INTO REVIEW_TABLE(REVIEW_ID,REVIEW_RATING,REVIEW_DESCRIPTION,COURSE_ID) VALUES (60006,5,'My goodness its very good',10004);
INSERT INTO REVIEW_TABLE(REVIEW_ID,REVIEW_RATING,REVIEW_DESCRIPTION,COURSE_ID) VALUES (60007,3,'It was fine',10005);
INSERT INTO REVIEW_TABLE(REVIEW_ID,REVIEW_RATING,REVIEW_DESCRIPTION,COURSE_ID) VALUES (60008,4,'Greatness overloaded',10006);
INSERT INTO REVIEW_TABLE(REVIEW_ID,REVIEW_RATING,REVIEW_DESCRIPTION,COURSE_ID) VALUES (60009,5,'Its the best',10003);

INSERT INTO STUDENT_COURSE(STUDENT_ID,COURSE_ID) VALUES (100092,10001);
INSERT INTO STUDENT_COURSE(STUDENT_ID,COURSE_ID) VALUES (100092,10003);
INSERT INTO STUDENT_COURSE(STUDENT_ID,COURSE_ID) VALUES (100092,10004);
INSERT INTO STUDENT_COURSE(STUDENT_ID,COURSE_ID) VALUES (100093,10005);
INSERT INTO STUDENT_COURSE(STUDENT_ID,COURSE_ID) VALUES (100094,10005);
INSERT INTO STUDENT_COURSE(STUDENT_ID,COURSE_ID) VALUES (100094,10006);
INSERT INTO STUDENT_COURSE(STUDENT_ID,COURSE_ID) VALUES (100095,10003);
INSERT INTO STUDENT_COURSE(STUDENT_ID,COURSE_ID) VALUES (100096,10003);
INSERT INTO STUDENT_COURSE(STUDENT_ID,COURSE_ID) VALUES (100097,10003);
INSERT INTO STUDENT_COURSE(STUDENT_ID,COURSE_ID) VALUES (100097,10001);
INSERT INTO STUDENT_COURSE(STUDENT_ID,COURSE_ID) VALUES (100098,10004);
INSERT INTO STUDENT_COURSE(STUDENT_ID,COURSE_ID) VALUES (100099,10006);
INSERT INTO STUDENT_COURSE(STUDENT_ID,COURSE_ID) VALUES (100100,10006);
INSERT INTO STUDENT_COURSE(STUDENT_ID,COURSE_ID) VALUES (100100,10004);
INSERT INTO STUDENT_COURSE(STUDENT_ID,COURSE_ID) VALUES (100100,10005);